,City,City_Id,Latitude,Temperature,Cloud_Index,Humidity,Wind
0,punta arenas,3874787,-53.16,48.2,40,49,32.21
1,ushuaia,3833367,-54.81,44.6,75,75,38.03
2,kapaa,5848280,22.08,66.92,1,83,9.17
3,avarua,4035715,-21.21,78.8,75,74,13.87
4,albany,5106834,42.65,42.98,75,75,14.99
5,kodiak,4407665,39.95,48.02,1,71,17.22
6,chumikan,2025256,54.72,-3.27,0,50,9.51
7,rikitea,4030556,-23.12,79.22,92,98,9.95
8,vao,588365,59.1,17.97,44,87,8.39
9,geraldton,5960603,49.72,3.2,20,71,2.24
10,jamestown,2069194,-33.21,50.19,8,85,4.7
11,airai,1651810,-8.93,69.77,36,93,1.34
12,nome,4732862,30.04,69.08,40,67,8.05
13,yellowknife,6185377,62.45,-2.21,75,84,14.99
14,norfolk,4776222,36.85,64.04,1,46,8.05
15,roald,3141667,62.58,42.8,75,75,11.41
16,mount gambier,2156643,-37.83,59.0,90,77,5.82
17,cap malheureux,934649,-19.98,82.4,75,83,12.75
18,saskylakh,2017155,71.97,-36.26,20,0,3.02
19,pangnirtung,6096551,66.15,-7.61,90,76,9.17
20,hermanus,3366880,-34.42,73.59,0,48,6.04
21,brownsville,4676740,25.91,75.02,90,63,21.92
22,busselton,2075265,-33.64,68.1,0,100,18.79
23,port elizabeth,4501427,39.31,51.26,90,63,13.87
24,chattanooga,4612862,35.05,60.8,1,62,3.13
25,moron,3631878,10.49,85.47,76,44,3.13
26,talnakh,1490256,69.49,-0.12,68,74,19.46
27,constitucion,4011743,23.99,62.6,90,36,8.05
28,guerrero negro,4021858,27.97,58.92,12,92,5.37
29,saint george,262462,39.45,35.6,40,74,4.7
30,nyrob,516588,60.74,13.79,92,84,7.61
31,mount isa,2065594,-20.73,82.4,32,61,8.05
32,luderitz,3355672,-26.65,63.2,12,77,17.11
33,fairbanks,5861897,64.84,-35.32,40,58,2.68
34,micoud,3576569,13.82,84.2,20,66,20.8
35,dikson,1507390,73.51,-7.32,32,100,33.22
36,nouadhibou,2377457,20.93,78.8,0,16,8.05
37,saint-philippe,6138908,45.36,26.96,90,58,19.46
38,khatanga,2022572,71.98,-35.36,12,0,3.13
39,los llanos de aridane,2514651,28.66,69.8,0,49,5.82
40,mitsamiouli,921786,-11.38,84.2,20,79,2.24
41,hobart,2163355,-42.88,55.4,75,66,6.93
42,luanda,2240449,-8.83,80.6,75,83,8.05
43,bambanglipuro,1650434,-7.95,71.61,88,100,3.13
44,atuona,4020109,-9.8,81.6,76,99,16.67
45,hanzhong,1808857,33.08,25.08,76,87,2.01
46,aksu,1524298,52.04,-5.81,0,83,11.18
47,sangin,1127547,32.07,40.79,32,87,4.14
48,alice springs,2077895,-23.7,77.0,0,20,9.17
49,ostrovnoy,556268,68.05,28.55,88,92,17.22
50,torbay,6167817,47.66,35.6,90,100,32.21
51,esperance,3573739,10.24,86.0,40,58,13.87
52,waddan,2209055,29.16,45.74,0,47,7.16
53,nichinan,1855476,31.65,39.03,0,100,5.59
54,chuy,3443061,-33.69,86.37,20,71,11.18
55,grand gaube,934479,-20.01,82.4,75,83,12.75
56,kathmandu,1283240,27.71,46.4,40,70,3.36
57,half moon bay,5354943,37.46,51.98,90,93,23.04
58,barranca,3946820,-10.75,70.08,0,100,6.49
59,hithadhoo,1282256,-0.6,78.9,92,100,5.03
60,bilibino,2126682,68.06,-43.91,0,0,2.24
61,puerto ayora,3652764,-0.74,86.0,75,58,16.11
62,pevek,2122090,69.7,-26.09,12,100,4.92
63,port alfred,964432,-33.59,68.82,0,85,4.36
64,brookings,5226534,44.31,33.8,75,99,18.34
65,uthal,1162862,25.81,50.46,0,78,1.45
66,longyearbyen,2729907,78.22,21.2,75,85,54.13
67,bluff,2175403,-23.58,73.5,8,74,9.06
68,codrington,2160063,-28.95,69.8,92,94,3.24
69,tasiilaq,3424607,65.61,17.6,0,61,5.82
70,saint anthony,5606187,43.97,33.98,90,92,13.87
71,qaanaaq,3831208,77.48,-16.01,0,92,5.26
72,cape town,3369157,-33.93,68.0,20,72,26.4
73,hilo,5855927,19.71,66.92,90,67,5.82
74,taoudenni,2450173,22.68,62.97,0,20,12.19
75,georgetown,3378644,6.8,86.0,40,79,16.11
76,bethel,5880568,60.79,8.6,90,86,9.17
77,lagos,2332459,6.46,87.8,0,62,6.93
78,upernavik,3418910,72.79,1.68,0,100,6.82
79,hasaki,2112802,35.73,33.8,20,59,4.7
80,naze,2337542,5.43,86.0,8,45,3.36
81,zyryanskoye,1484892,56.83,13.83,80,81,14.76
82,new norfolk,2155415,-42.78,55.4,75,66,6.93
83,thunder bay,6166142,48.41,17.6,90,67,6.93
84,vaini,1273574,15.34,62.75,0,70,4.14
85,havoysund,779622,71.0,41.0,75,99,48.32
86,vanimo,2084442,-2.67,84.17,44,97,17.34
87,pisco,3932145,-13.71,71.6,40,30,10.29
88,bathsheba,3374083,13.22,82.4,75,69,19.46
89,norco,5377199,33.93,55.04,75,83,2.68
90,vila franca do campo,3372472,37.72,64.4,75,88,21.92
91,mityana,229139,0.4,67.07,12,84,2.01
92,beringovskiy,2126710,63.05,25.26,88,91,31.76
93,bautzen,2951881,51.18,33.8,90,100,2.24
94,saldanha,2737599,41.42,34.62,0,85,3.13
95,anage,3472298,-14.61,82.4,40,45,9.17
96,prince george,6113365,53.92,32.0,90,97,14.99
97,tungor,2120400,53.39,1.19,0,71,15.77
98,mataura,6201424,-46.19,53.61,88,89,6.71
99,khani,610864,41.96,53.6,75,46,21.92
100,komsomolskiy,1486910,67.55,3.48,48,80,14.43
101,bady bassitt,3471210,-20.92,82.4,75,58,6.93
102,seminole,5530452,32.72,60.8,40,38,8.05
103,namibe,3347019,-15.19,74.9,0,100,11.63
104,cherskiy,2126199,68.75,-36.03,12,0,2.13
105,luxor,360502,25.7,55.4,0,54,4.7
106,tual,1623197,-5.67,82.23,80,100,15.21
107,sorland,3137469,67.67,41.0,75,100,24.16
108,lompoc,5367788,34.64,50.0,40,96,6.93
109,myitkyina,1307741,25.38,52.8,8,85,1.79
110,novaya igirma,2019004,57.14,-8.85,36,64,5.59
111,tiksi,2015306,71.64,-25.86,36,39,3.02
112,thompson,6165406,55.74,-11.21,40,76,5.93
113,bilma,2446796,18.69,60.32,36,22,12.3
114,liancheng,1804119,24.05,44.34,0,83,2.68
115,shenjiamen,1795632,29.96,49.83,12,95,10.63
116,elbistan,315795,38.2,25.35,80,84,2.8
117,port hardy,6111862,50.7,35.6,90,93,8.05
118,hurricane,5540831,37.18,33.08,90,95,5.82
119,novobirilyussy,1508260,56.95,7.62,88,76,9.84
120,talcahuano,3870282,-36.72,68.0,0,60,6.93
121,san quintin,1688687,17.54,64.59,0,79,3.36
122,kazachinskoye,1504075,57.69,3.17,56,84,7.16
123,dryden,5942913,49.79,10.4,90,78,13.87
124,yar-sale,1486321,66.83,0.87,76,92,19.35
125,dakar,2253354,14.69,89.6,0,50,6.93
126,khovu-aksy,1503527,51.13,-31.98,0,0,2.24
127,carnarvon,1014034,-30.97,78.63,0,13,12.64
128,fortuna,2517679,38.18,57.2,0,33,2.8
129,butaritari,2110227,3.07,83.22,76,100,16.67
130,ashqelon,295620,31.67,55.4,75,71,36.91
131,shingu,1847947,33.72,45.96,0,100,16.11
132,biak,1637001,-0.91,77.91,36,100,2.46
133,pangoa,3933104,-12.12,79.94,8,70,2.91
134,poum,787487,41.28,26.6,20,53,6.93
135,vrangel,2013258,42.73,20.31,0,100,12.41
136,chapleau,5919915,47.85,3.2,75,77,8.05
137,yumen,1528998,40.29,6.32,68,68,2.68
138,atar,2381334,20.52,76.02,8,13,6.26
139,sindor,492860,62.87,-3.59,68,76,7.61
140,akdagmadeni,324768,39.66,28.41,76,94,10.4
141,dunedin,2191562,-45.87,43.08,0,85,2.68
142,westport,2960970,53.8,48.2,90,100,11.41
143,sfantu gheorghe,667306,44.65,32.0,75,92,2.24
144,nong bua,1608286,15.87,77.64,8,65,5.82
145,kaitangata,2208248,-46.28,52.85,24,79,12.08
146,raton,5486795,36.9,59.0,1,44,13.87
147,nanortalik,3421765,60.14,28.77,88,100,14.2
148,ribeira grande,3372707,38.52,62.6,75,93,23.04
149,vardo,4372777,39.62,53.6,20,45,17.22
150,chengde,2038087,40.97,-0.12,8,52,4.59
151,ilulissat,3423146,69.22,12.2,20,43,18.34
152,taft,1684659,11.9,77.15,92,93,12.64
153,rosario oeste,3450872,-14.84,85.79,64,82,7.83
154,silopi,300797,37.25,46.4,75,100,16.11
155,anqiu,1817990,36.48,15.81,8,75,3.58
156,billings,5640350,45.79,42.08,75,50,16.11
157,barrow,3833859,-38.31,78.54,12,84,9.73
158,mar del plata,3863379,-46.43,69.05,12,31,19.46
159,narsaq,3421719,60.91,17.84,88,90,3.58
160,cidreira,3466165,-30.17,83.72,48,73,15.55
161,pabrade,596473,55.0,19.4,90,92,8.05
162,kruisfontein,986717,-34.0,66.3,8,81,7.72
163,leningradskiy,2123814,69.38,-15.33,0,93,1.79
164,kikwit,2314705,-5.04,75.35,44,79,6.93
165,nemuro,2128975,43.32,25.8,36,100,21.03
166,lamballe,3008225,48.47,44.6,90,81,6.93
167,mahebourg,934322,-20.41,82.4,75,83,12.75
168,kirakira,2178753,-10.46,81.06,76,100,13.42
169,victoria,1733782,5.28,82.4,75,88,5.82
170,tuatapere,2180815,-46.13,55.05,44,100,12.86
171,lazurne,713743,46.77,27.74,92,92,9.62
172,castro,3896218,-42.48,62.6,75,45,9.17
173,baraboo,5244638,43.47,35.42,1,80,11.41
174,kloulklubed,7671223,7.04,78.8,75,83,5.82
175,marsala,2524245,37.8,48.2,20,93,4.7
176,nikolskoye,546105,59.7,21.2,75,85,4.47
177,lalitpur,1265157,24.69,54.92,0,75,8.72
178,ancud,3899695,-41.87,62.6,75,45,9.17
179,sola,3137942,58.89,42.8,90,100,18.34
180,nola,2383827,3.52,78.77,0,60,4.14
181,zhezkazgan,1516589,47.8,14.46,88,87,9.28
182,viedma,3832899,-40.81,79.89,0,35,8.39
183,faanui,4034551,-16.48,82.5,68,100,12.64
184,wukari,2318921,7.87,85.52,0,21,10.74
185,east london,1006984,-33.02,71.6,40,73,6.93
186,grindavik,3416888,63.84,41.0,90,93,19.46
187,laguna,4013704,27.52,60.8,90,77,9.17
188,walvis bay,3359638,-22.95,64.14,0,100,7.38
189,mengcheng,1800764,33.26,24.27,48,75,2.8
190,saint-leu,6690297,-21.15,82.4,0,74,3.36
191,ziro,1252668,27.54,35.07,0,72,1.68
192,lagoa,2267254,37.14,60.8,0,63,5.82
193,eldorado,4007812,24.32,71.6,75,56,4.7
194,lavrentiya,4031637,65.58,5.01,0,86,24.05
195,taltal,3870243,-25.41,72.02,0,56,4.36
196,ust-nera,2120048,64.57,-60.15,8,0,1.68
197,lorengau,2092164,-2.02,84.48,56,95,16.78
198,arbuzynka,713222,47.91,18.96,56,82,10.63
199,sambava,1056899,-14.27,79.62,68,100,9.4
200,filadelfia,3867291,-22.35,93.75,80,55,19.24
201,butterworth,1735076,5.4,80.6,75,88,3.36
202,pala,1272022,9.71,73.4,0,83,4.7
203,halifax,6324729,44.65,32.0,90,97,24.16
204,atbasar,1526038,51.81,12.39,92,84,10.63
205,huangnihe,2036734,43.56,-12.86,12,58,2.35
206,buala,2109528,-8.15,80.07,48,99,8.72
207,emerald,2167426,-23.53,75.2,0,73,4.7
208,kapit,1737185,2.02,72.24,80,98,2.24
209,marand,124862,38.43,37.4,20,74,4.7
210,oranjemund,3354071,-28.55,63.87,0,89,13.09
211,vasudevanallur,1253357,9.24,64.55,0,80,3.24
212,bredasdorp,1015776,-34.53,73.4,0,56,12.75
213,baker city,5712169,44.77,37.04,1,61,6.93
214,salinas,5391295,36.67,51.98,1,81,10.29
215,banda aceh,1215502,5.56,75.35,88,100,2.13
216,adrar,2508813,27.87,62.6,0,29,12.75
217,barcelos,2742416,41.53,53.6,0,71,6.93
218,necochea,3430443,-38.55,86.01,20,70,13.53
219,seydi,2448024,13.34,77.0,64,11,13.87
220,lieksa,648090,63.32,22.07,88,87,5.59
221,nishihara,1850144,35.74,39.2,20,44,9.17
222,jaisinghnagar,1264542,23.63,58.11,0,58,11.97
223,iqaluit,5983720,63.75,-16.61,90,75,4.7
224,kimbe,2093967,-5.56,76.56,92,100,10.74
225,khudumelapye,933562,-23.91,79.85,0,40,7.61
226,simao,1794209,22.76,53.07,92,91,2.13
227,provideniya,4031574,64.42,6.95,68,100,27.51
228,dalbandin,1180729,28.9,41.73,0,81,4.03
229,sur,286245,22.57,71.97,0,100,8.95
230,poli,2222539,8.48,73.14,8,35,3.69
231,hofn,2630299,64.25,37.4,20,74,5.82
232,nelson bay,2155562,-32.72,68.0,90,100,8.05
233,chiang rai,1153669,19.9,71.6,20,94,2.13
234,arraial do cabo,3471451,-22.97,93.2,0,62,18.34
235,dongying,1812101,37.43,15.05,0,61,2.91
236,nairobi,184745,-1.28,69.8,20,64,11.41
237,isangel,2136825,-19.55,77.42,92,100,19.69
238,dongsheng,1788268,29.72,36.87,92,94,6.6
239,bandarbeyla,64814,9.49,76.34,32,100,19.13
240,sal rei,3374235,16.18,80.6,0,39,11.41
241,hualmay,3939761,-11.1,76.92,0,65,5.14
242,pierre,5767918,44.37,30.02,90,100,13.87
243,araouane,2460954,18.9,69.45,8,21,6.82
244,petropavlovsk-kamchatskiy,2122104,53.05,6.8,44,60,6.71
245,richards bay,962367,-28.77,72.47,88,80,9.4
246,jalu,86049,29.03,51.14,0,56,8.39
247,sulangan,1685422,11.14,79.35,12,100,19.46
248,ogawara,2112527,38.05,39.39,80,100,14.43
249,bondo,218253,3.81,77.1,24,85,1.68
250,saint-augustin,3031582,44.83,39.2,90,69,5.82
251,narragansett,5225535,41.45,46.94,90,67,12.75
252,itarema,3393692,-2.92,86.73,56,66,14.65
253,acapulco,3533462,16.86,86.0,5,58,2.24
254,udachnyy,2014624,66.42,-11.46,32,54,4.7
255,flinders,6255012,-34.58,62.6,90,93,4.7
256,vestmannaeyjar,3412093,63.44,41.0,75,93,13.87
257,quelimane,1028434,-17.88,82.86,20,74,6.15
258,ostersund,2685750,63.18,37.4,40,86,19.46
259,chernyshevskiy,2025456,63.01,-3.18,44,61,10.4
260,quatre cocos,1106643,-20.21,82.4,75,83,12.75
261,novopavlovka,2018896,51.21,-6.29,48,66,4.7
262,salalah,286621,17.01,77.0,40,73,3.36
263,puno,3931276,-15.84,60.8,0,29,5.82
264,souillac,3026644,45.6,39.2,90,81,5.82
265,kahului,5847411,20.89,69.8,20,86,5.82
266,wagga wagga,2145110,-35.12,66.2,0,59,10.29
267,roma,6539761,41.89,48.2,0,57,6.93
268,borogontsy,2026160,62.67,-31.76,48,0,4.7
269,comodoro rivadavia,3860443,-45.87,69.8,75,16,16.11
270,chokurdakh,2126123,70.62,-38.01,8,0,2.91
271,oksfjord,778362,70.24,41.0,75,100,48.32
272,clovis,5338122,36.83,50.0,40,100,11.41
273,djambala,2260401,-2.55,71.61,76,94,4.59
274,tura,1254046,25.52,49.52,0,79,3.13
275,voyinka,689307,45.87,29.9,88,96,7.72
276,gerash,133595,27.67,53.6,0,46,2.13
277,omsukchan,2122493,62.53,-35.85,56,0,2.68
278,ubinskoye,1488708,55.31,9.78,36,83,17.45
279,liverpool,2644210,53.41,50.0,90,81,1.12
280,ponta do sol,3453439,-20.63,74.45,12,100,5.48
281,pershotravneve,697183,50.29,16.49,36,82,10.29
282,ha giang,1581349,22.83,59.37,92,98,1.9
283,lebu,344979,8.96,44.7,0,45,3.69
284,mana,789988,43.52,30.2,90,92,11.41
285,tecoanapa,3532499,16.99,86.0,5,58,2.24
286,nanning,1799869,22.83,51.8,90,93,4.47
287,evensk,2125693,61.92,11.22,12,100,25.39
288,severo-kurilsk,2121385,50.68,23.37,12,100,21.03
289,zarubino,2012646,42.65,7.35,12,100,4.25
290,hastings,2190224,-39.64,67.92,0,86,9.95
291,katsuura,1865309,33.93,41.0,40,98,5.82
292,sioux lookout,6148373,50.1,12.2,90,72,12.75
293,mao,3496831,19.55,86.0,40,58,18.34
294,nabire,1634614,-3.36,68.73,92,100,1.9
295,luklukan,1705276,14.33,79.17,92,100,20.24
296,haines junction,5969025,60.75,-32.79,0,0,2.01
297,mayya,2020121,61.74,-29.21,56,66,6.71
298,karatau,1519938,43.18,13.7,0,59,3.36
299,taber,6160919,49.79,37.4,75,69,10.29
300,hovd,7626384,63.83,42.8,75,93,20.8
301,caravelas,3466980,-17.73,80.34,0,100,13.98
302,koyelga,1502280,54.65,3.39,0,63,7.61
303,grants pass,5729080,42.44,37.04,75,99,2.24
304,yulara,6355222,-25.24,73.4,20,26,8.05
305,eyrarbakki,3413604,63.86,41.0,75,75,13.87
306,mosquera,3674292,4.71,66.2,40,45,4.7
307,neuquen,3843123,-38.95,84.2,0,20,13.87
308,tuktoyaktuk,6170031,69.44,-0.41,90,84,8.05
309,la serena,3884373,-29.9,71.6,20,49,16.11
310,tessalit,2449893,20.2,66.62,36,18,3.91
311,merauke,2082539,-8.49,74.76,92,100,12.3
312,dobryanka,565778,58.45,17.6,75,92,6.71
313,kaeo,2189343,-35.1,54.02,32,86,2.68
314,cangzhou,1816080,38.3,14.73,24,62,2.8
315,faya,110690,18.39,62.6,40,67,5.82
316,norman wells,6089245,65.28,-5.81,90,76,5.82
317,margate,2158744,-43.03,55.4,75,66,6.93
318,carutapera,3402648,-1.2,82.14,68,86,7.49
319,aklavik,5882953,68.22,-4.01,90,76,6.93
320,immokalee,4159553,26.42,71.6,1,60,3.36
321,planos,255096,37.82,48.2,40,75,3.36
322,san carlos,3628503,9.66,91.32,8,40,11.3
323,nuuk,3421319,64.17,32.0,90,92,25.28
324,popondetta,2088163,-8.77,67.52,36,91,2.13
325,launceston,2160517,-41.43,53.6,0,66,11.41
326,chabahar,1161724,25.29,72.15,0,100,6.6
327,bodden town,3580733,19.28,82.4,75,83,5.82
328,eenhana,3357804,-17.48,84.89,0,33,4.14
329,chicama,3698359,-7.84,77.0,75,78,10.29
330,fort morgan,5577158,40.25,41.0,32,54,8.05
331,aksarka,1512019,66.56,0.2,80,74,14.99
332,kemise,333356,10.72,36.65,0,62,1.9
333,moussoro,2427336,13.64,72.24,0,20,12.19
334,nezhinka,522312,51.77,14.0,90,85,2.24
335,jijiga,333795,9.35,47.0,0,67,2.68
336,jumla,1283285,29.28,21.21,92,100,1.9
337,urbano santos,3385726,-3.2,82.32,92,85,9.95
338,estelle,4671240,32.87,60.8,75,59,18.34
339,tiznit,2527089,29.7,59.73,0,60,3.24
340,yarkovo,1486371,54.81,10.4,44,85,13.42
341,santa vitoria do palmar,3449747,-33.52,86.37,20,71,11.18
342,labuan,1733782,5.28,82.4,75,88,5.82
343,mezhdurechenskiy,1498919,59.59,15.27,76,81,5.59
344,yiyang,1808316,28.59,39.44,92,100,6.71
345,jinji,1811729,22.16,59.69,92,92,3.24
346,bar-le-duc,3034911,48.77,39.2,90,86,3.36
347,paramonga,3933024,-10.68,70.08,0,100,6.49
348,colac,2171069,-38.34,52.4,0,98,2.57
349,karangasem,1646170,-6.7,81.92,32,100,5.14
350,marsh harbour,3571913,26.54,73.37,8,100,6.04
351,mehamn,778707,71.03,42.8,75,93,26.4
352,hobyo,57000,5.35,77.01,0,80,17.45
353,palmeira das missoes,3455416,-27.9,76.11,76,96,6.93
354,port lincoln,2063036,-34.72,61.89,80,100,9.73
355,noumea,2139521,-22.28,68.0,75,77,12.41
356,feijo,3658195,-3.63,89.6,40,55,4.7
357,puerto escondido,3520994,15.86,80.6,5,74,6.93
358,cleethorpes,2652885,53.56,50.0,90,87,3.36
359,plettenberg bay,964712,-34.05,66.62,44,100,11.74
360,mabaruma,3377301,8.2,82.37,68,73,10.18
361,marsa matruh,352733,31.35,51.8,20,50,9.17
362,tazovskiy,1489853,67.47,-1.2,68,68,16.55
363,oranjestad,3577154,12.52,84.2,20,58,25.28
364,erenhot,2037485,43.65,-6.06,0,65,9.17
365,namioka,2129005,40.71,31.11,80,100,12.75
366,salmon creek,5809333,45.71,44.06,90,82,4.7
367,ambilobe,1082243,-13.19,72.92,92,100,2.57
368,montes altos,3394539,-5.83,87.8,75,74,5.82
369,sorong,1626542,-0.86,82.59,12,100,7.61
370,guymon,5515743,36.68,54.5,1,59,17.22
371,cockburn town,3576994,21.46,79.49,32,98,12.75
372,ahipara,2194098,-35.17,59.69,48,100,5.26
373,bambous virieux,1106677,-20.34,82.4,75,83,12.75
374,ridgecrest,5387494,35.62,46.04,1,65,4.7
375,takoradi,2294915,4.89,84.3,0,96,8.72
376,ko samui,1154689,9.54,83.4,80,96,19.8
377,tarakeswar,1254912,22.89,60.8,0,72,2.8
378,inzhavino,556275,52.33,9.15,48,71,4.7
379,hit,95788,33.64,46.32,0,66,9.28
380,cabedelo,3404558,-6.97,86.0,40,55,16.11
381,daru,2409663,7.99,88.8,20,33,2.91
382,mezen,527321,65.85,16.85,92,85,7.38
383,hami,1529484,42.84,-0.03,0,51,6.15
384,naberera,152042,-4.2,72.74,0,67,11.86
385,ochamchira,612652,42.71,49.92,92,99,8.61
386,solnechnyy,2016307,50.72,-21.63,0,31,5.82
387,mandera,187896,3.94,84.93,64,21,9.62
388,ulvik,3133311,60.57,37.4,75,100,24.16
389,labuhan,1641899,-2.54,75.62,12,89,1.68
390,pochutla,3517970,15.74,84.2,40,58,9.17
391,lillooet,6945979,50.69,32.0,90,82,11.41
392,alta floresta,6316343,-9.87,82.68,48,83,1.23
393,kavieng,2094342,-2.57,84.66,64,98,13.76
394,san cristobal,3652462,-0.39,73.4,40,43,12.75
395,yanam,1252795,16.73,68.91,0,80,8.28
396,mandalgovi,2030065,45.76,-12.14,0,50,3.58
397,padang,1633419,-0.92,80.79,80,100,3.58
398,niquero,3545981,20.04,82.68,24,86,5.7
399,carlagan,1718367,14.97,77.46,92,97,19.8
400,ilam,130802,33.64,46.4,90,87,4.7
401,marilia,3397900,-8.64,87.9,48,70,4.36
402,eureka,5563397,40.8,44.96,90,100,23.04
403,xai-xai,1024552,-25.04,75.89,68,99,14.43
404,maturin,3778045,9.75,92.49,8,38,7.94
405,mindelo,2739997,41.31,53.6,0,71,6.93
406,owando,2255542,-0.49,76.02,36,87,2.57
407,susangerd,137268,31.56,66.2,75,88,11.41
408,nokha,1261227,27.56,46.86,0,89,3.36
409,tabou,2281120,4.42,84.17,0,98,10.18
410,rio grande,3451138,-32.03,89.6,75,66,16.11
411,gizo,6693679,31.8,55.4,75,81,18.34
412,clyde river,5924351,70.47,-9.41,75,83,14.99
413,kassala,372753,15.45,71.84,0,25,7.38
414,praia da vitoria,3372760,38.73,60.8,75,100,30.76
415,rio gallegos,3838859,-51.62,51.8,40,32,25.28
416,longyan,1802276,25.1,56.0,92,97,1.68
417,dingle,1714733,11.0,74.45,0,75,15.1
418,puerto quijarro,3465342,-19.0,93.2,40,59,10.29
419,tumaco,3666640,1.8,77.15,92,100,7.38
420,san ramon,3616584,12.92,71.6,40,78,13.87
421,cayenne,3382160,4.94,84.2,100,74,12.75
422,ornskoldsvik,2686469,63.29,37.4,0,87,13.87
423,paracatu,3455168,-17.22,85.02,20,85,5.93
424,chodavaram,1274021,17.44,57.84,0,90,2.24
425,zhanaozen,607610,43.35,34.08,24,89,9.17
426,klaksvik,2618795,62.23,41.0,80,75,10.29
427,chapais,5919850,49.78,6.8,40,71,10.29
428,kletskaya,547677,49.31,20.4,92,90,10.74
429,aguimes,2522325,27.91,66.2,0,52,4.7
430,kurchum,1521762,48.57,-16.05,0,23,1.12
431,ulaangom,1515029,49.98,-29.69,0,0,1.57
432,san luis de planes,3601925,14.98,102.2,40,33,5.82
433,tilichiki,2120591,60.47,28.32,68,86,13.76
434,hailey,5594956,43.52,32.0,40,78,6.93
435,porto torres,3170069,40.84,46.4,0,93,1.12
436,poieni,678248,46.75,24.8,75,73,20.8
437,sitka,4267710,37.17,56.9,56,40,13.65
438,yeola,1252738,20.04,57.93,0,74,7.05
439,la ronge,6050066,55.1,5.0,90,84,10.29
440,riyadh,108410,24.63,68.0,0,30,4.7
441,volchansk,1486984,59.94,10.37,48,78,2.68
442,pozo colorado,3437443,-23.49,92.54,36,63,17.45
443,magadan,2123628,59.56,-1.97,20,100,17.67
444,mittersill,2771385,47.28,37.4,75,84,10.29
445,maniitsoq,3421982,65.42,26.57,88,92,22.59
446,kenai,5866063,60.55,-2.21,90,86,4.59
447,maragogi,3395458,-9.01,82.41,76,77,10.96
448,mumford,2297810,5.26,84.89,0,57,8.72
449,narasannapeta,1261853,18.42,57.8,0,99,2.24
450,bumba,217745,2.18,74.9,88,90,6.6
451,suntar,2015913,62.16,-2.24,44,47,9.95
452,santa marinella,3167520,42.04,48.2,0,81,3.36
453,hatillo,4565346,18.49,84.2,1,74,13.87
454,carballo,3126369,43.21,51.8,0,61,3.36
455,maceio,3395981,-9.67,84.2,75,58,10.29
456,gorzow wielkopolski,3098722,52.74,29.22,44,88,5.7
457,hamilton,3573197,32.3,69.8,75,73,17.22
458,hirado,1862555,33.32,50.15,0,100,8.72
459,vila velha,6320062,-3.71,86.0,75,66,16.11
460,yushu,2033242,44.84,-10.16,0,53,3.24
461,uglekamensk,2014573,43.22,-8.13,0,62,2.01
462,engels,563464,51.5,12.2,0,92,8.95
463,nanakuli,5851349,21.39,66.92,40,80,4.7
464,pyaozerskiy,503581,65.83,24.99,68,91,8.72
465,moose factory,6078372,51.26,-4.01,1,64,5.82
466,tachov,3064373,49.8,35.6,90,80,3.36
467,jega,2336237,12.22,78.9,68,24,8.61
468,nanyamba,877581,-10.69,82.4,40,88,16.11
469,colares,2269142,38.8,55.4,0,66,10.29
470,coquimbo,3893629,-29.95,71.6,20,49,16.11
471,weinan,1791636,34.5,17.6,0,92,2.24
472,cabra,2520645,37.47,53.6,0,46,3.36
473,manaus,3663517,-3.13,86.0,75,70,8.05
474,san patricio,3437029,-26.98,83.4,92,83,5.03
475,tagbac,1697559,7.09,78.8,75,83,8.05
476,nueva helvecia,3441483,-34.28,92.13,36,57,6.71
477,hat yai,1610780,7.0,78.8,75,94,8.28
478,kholtoson,2022369,50.3,-33.87,0,0,2.57
479,kudahuvadhoo,1337607,2.67,82.37,92,100,10.18
480,la trinite,3026260,48.25,44.6,90,75,3.36
481,port augusta,2063056,-32.49,66.2,0,77,13.87
482,waipawa,2185329,-39.94,64.23,88,77,12.75
483,baculin,1729469,7.45,77.01,20,94,14.65
484,inirida,3671450,3.87,84.57,36,76,2.8
485,kahramanmaras,310859,37.58,31.74,92,97,2.01
486,kampong thum,1831125,12.71,76.52,68,77,5.48
487,baruun-urt,2032614,46.68,-12.77,0,54,9.51
488,nyurba,2018735,63.29,-3.14,44,49,9.06
489,baksanenok,579571,43.69,30.2,90,100,2.24
490,masunga,933390,-20.62,75.2,40,69,2.24
491,nador,2541479,35.17,59.0,0,44,1.12
492,paamiut,3421193,61.99,33.45,80,93,22.15
493,deputatskiy,2028164,69.3,-47.06,8,0,2.68
494,coracora,3942259,-15.02,59.82,12,60,3.13
495,charcas,4014501,23.13,62.97,0,78,4.36
496,saint-pierre,2995603,48.95,41.0,90,93,3.36
497,bundaberg,2173323,-24.87,73.4,40,83,6.93
498,sobolevo,525426,54.43,15.45,44,85,6.6
499,ketchikan,5554428,55.34,28.94,1,52,17.22
500,great falls,5655240,47.5,44.96,40,41,13.87
501,yarmouth,2633414,50.71,46.4,75,81,3.36
502,qiongshan,1797535,20.01,68.0,75,100,4.47
503,greenville,4580543,34.85,64.94,1,31,4.7
504,govindgarh,1270854,27.5,49.97,32,100,2.8
505,qaqortoq,3420846,60.72,31.47,88,93,18.34
506,tautira,4033557,-17.73,80.6,75,83,6.93
507,havre-saint-pierre,5972291,50.23,28.4,90,74,12.75
508,ryotsu,1853371,38.08,42.09,48,100,20.24
509,camacha,2270385,33.08,66.2,20,77,11.41
510,ossora,2122389,59.24,12.8,88,87,26.4
511,rorvik,3141310,64.86,41.0,75,80,6.93
512,berlevag,780687,70.86,42.8,75,93,26.4
513,vestmanna,2610343,62.16,41.0,80,75,10.29
514,maria aurora,1700994,15.8,65.0,20,91,2.57
515,muros,3115824,42.77,51.8,0,40,4.7
516,fare,4034496,-16.7,82.64,92,100,12.97
517,bonthe,2409914,7.53,86.37,76,61,5.59
518,namanga,184570,-2.55,69.77,0,62,9.62
519,camacupa,3351014,-12.02,71.79,80,72,2.35
520,acajutla,3587498,13.59,84.2,0,42,11.41
521,lahaina,5849996,20.87,69.8,40,73,6.93
522,dudinka,1507116,69.41,0.06,76,74,23.26
523,sudak,692315,44.85,29.67,88,100,8.28
524,tubmanburg,2273435,6.87,86.28,12,79,3.36
525,te anau,2181625,-45.41,48.93,92,93,3.36
526,torbat-e jam,1159362,35.24,34.62,8,81,5.7
527,ucluelet,6171633,48.94,42.8,40,75,6.93
528,ugoofaaru,1337619,5.67,81.51,92,100,12.97
529,qandala,53157,11.47,63.33,24,98,3.8
530,umm lajj,100926,25.02,63.65,24,100,12.19
531,buenos aires,3435910,-34.61,78.8,0,61,6.93
532,yarim,69559,14.3,40.47,0,40,2.13
533,lae,2092740,-6.72,69.81,56,91,2.35
534,lejanias,3732964,3.53,85.34,20,43,2.8
